NB ID,Team/Status,Nexus Being,Profile Photo,,Position Eligibility,Primary Type,Secondary Type,Mobility Traits,Description,Helper Column,Division,FL/SV,Intelligence,Strength,Speed,Durability,Energy Projection,Fighting Skills,URL,Archetype
ABIGAIL-BRAND-001,Free Agent,Abigail Brand,https://res.cloudinary.com/dvncqcife/image/upload/v1741318213/Abigail_Brand_ogq7ev.png,,"FL, RG, GO",Strategy & Espionage (SE),Tactician/Leader,FLY,"Commander of S.W.O.R.D., possessing alien DNA that grants her limited pyrokinesis; expert strategist in cosmic threats.",#N/A,Both,Field Leader,3,2,2,3,1,4,https://marvel.fandom.com/wiki/Abigail_Brand_(Earth-616),Strategist
ADAM-WARLOCK-002,Agents of Vishanti,Adam Warlock,https://res.cloudinary.com/dvncqcife/image/upload/v1741314714/Adam_Warlock_adkjlp.png,,"PO, SV",Cosmic & Reality (CR),Cosmic Entity,"FLY, HVR",Genetically engineered cosmic warrior with immense energy manipulation abilities and deep spiritual awareness.,,Intelligence,Sovereign,4,5,7,6,6,4,https://marvel.fandom.com/wiki/Adam_Warlock_(Earth-616),Cosmic Observer
AGATHA-HARKNESS-003,"Your honor, we were just being silly",Agatha Harkness,https://res.cloudinary.com/dvncqcife/image/upload/v1741314715/Agatha_Harkness_nfklqe.png,,"PO, SV",Mystic Adept (MA),Mystic Arts Practitioner,"HVR, TP","Ancient witch with significant magical prowess; mentor to Wanda, though at a lower power tier.",,Intelligence,Sovereign,5,2,2,2,6,2,https://marvel.fandom.com/wiki/Agatha_Harkness_(Earth-616),Mystic
ANGEL--ARCHANGEL-004,Free Agent,Angel / Archangel,https://res.cloudinary.com/dvncqcife/image/upload/v1741314717/Archangel_j8bqka.png,,"RG, VG, GO",Physical Combatants (PC),Speedster,FLY,"Mutant with retractable organic wings or metallic wings when in Archangel form; enhanced flight, durability, and deadly neurotoxin projectiles.",,Both,None,3,2,4,3,1,3,https://marvel.fandom.com/wiki/Warren_Worthington_III_(Earth-616),Idealist
ANT-MAN-005,Pigeon Desk,Ant-Man,https://res.cloudinary.com/dvncqcife/image/upload/v1741314716/Ant-Man_gjesnh.png,,"FL, RG, EN",Technological & Cybernetic (TC),Gadget Specialist,TP,"Uses Pym Particles to shrink/grow; can surprise stronger foes, but power is situational.",,Operations,Field Leader,6,7,5,4,6,3,https://marvel.fandom.com/wiki/Henry_Pym_(Earth-616),Cynic
APOCALYPSE-006,Slow And Threatening,Apocalypse,https://res.cloudinary.com/dvncqcife/image/upload/v1741314716/Apocalypse_jbxc68.png,,"FL, VG, EN, PO, SV",Physical Combatants (PC),Tank,"HVR, TP","Ancient mutant with shape-shifting, vast psionic powers, and futuristic technology; seeks global dominance.",,Both,Field Leader; Sovereign,6,7,5,6,6,4,https://marvel.fandom.com/wiki/Apocalypse_(Earth-616),Villainous Pragmatist
ARMOR-007,Free Agent,Armor,https://res.cloudinary.com/dvncqcife/image/upload/v1741314718/Armor_fgbqau.png,,"RG, VG, EN",Physical Combatants (PC),Tank,None,"Mutant with the ability to generate psionic exoskeleton armor, increasing strength and durability significantly.",,Operations,None,2,4,2,4,1,3,https://marvel.fandom.com/wiki/Hisako_Ichiki_(Earth-616),Idealist
BANSHEE-008,Free Agent,Banshee,https://res.cloudinary.com/dvncqcife/image/upload/v1741314718/Banshee_gej8ip.png,,"FL, RG, EN, PO",Physical Combatants (PC),Speedster,FLY,Mutant with a sonic scream that can generate destructive sound waves and allow him to fly; former X-Men leader and Interpol agent.,,Both,Field Leader,3,2,3,3,5,4,https://marvel.fandom.com/wiki/Sean_Cassidy_(Earth-616),Strategist or Idealist
BEAST-009,Slow And Threatening,Beast,https://res.cloudinary.com/dvncqcife/image/upload/v1741314719/Beast_l04atp.png,,"RG, VG, GO",Technological & Cybernetic (TC),Gadget Specialist,HVR,"Genius scientist and mutant with enhanced strength, agility, reflexes, and intelligence.",,Both,None,5,4,3,4,1,4,https://marvel.fandom.com/wiki/Henry_McCoy_(Earth-616),Strategist or Cynic
BETA-RAY-BILL-010,Ligmasigma II,Beta Ray Bill,https://res.cloudinary.com/dvncqcife/image/upload/v1741314720/Beta_Ray_Bill_znnd20.png,,"RG, VG, EN, SV",Cosmic & Reality (CR),Cosmic Entity,FLY,"Comparable to Thor in raw might; wields Stormbreaker (similar to Mjolnir), cosmic-level Asgardian champion.",,Operations,Sovereign,2,7,7,6,6,4,https://marvel.fandom.com/wiki/Beta_Ray_Bill_(Earth-616),Idealist or Cosmic Observer
BISHOP-011,Sterling's Silly Soldiers,Bishop,https://res.cloudinary.com/dvncqcife/image/upload/v1741314721/Bishop_jgsqng.png,,"FL, RG, VG, GO",Physical Combatants (PC),Weapons Expert,None,"Mutant with the ability to absorb, store, and redirect energy attacks; skilled hand-to-hand combatant and strategist.",,Both,Field Leader,2,4,2,4,5,5,https://marvel.fandom.com/wiki/Lucas_Bishop_(Earth-616),Rebel or Cynic
BLACK-BOLT-012,Ligmasigma II,Black Bolt,https://res.cloudinary.com/dvncqcife/image/upload/v1741314721/Black_Bolt_vz1ea9.png,,"FL, RG, VG, EN, GO, SV",Cosmic & Reality (CR),Cosmic Entity,"FLY, HVR",King of the Inhumans whose voice can level cities; can manipulate electrons and unleash massive energy blasts.,,Both,Field Leader; Sovereign,3,6,5,6,6,4,https://marvel.fandom.com/wiki/Blackagar_Boltagon_(Earth-616),Cosmic Observer or Idealist
BLACK-CAT-013,Amber,Black Cat,https://res.cloudinary.com/dvncqcife/image/upload/v1741314722/Black_Cat_wnds1j.png,,"RG, VG, GO",Strategy & Espionage (SE),Espionage/Infiltration,HVR,"Master thief with heightened agility, hand-to-hand combat skills, and a psionic ""bad luck"" aura that disrupts enemies.",,Both,None,2,2,2,2,1,4,https://marvel.fandom.com/wiki/Felicia_Hardy_(Earth-616),Rebel or Cynic
BLACK-PANTHER-(SHURI)-014,Amber,Black Panther (Shuri),https://res.cloudinary.com/dvncqcife/image/upload/v1741314723/Black_Panther_shuri_erjuvr.png,,"FL, RG, VG, GO",Technological & Cybernetic (TC),Gadget Specialist,None,Brilliant Wakandan inventor; capable fighter but less proven in direct combat than T’Challa.,,Both,Field Leader,5,3,3,3,1,4,https://marvel.fandom.com/wiki/Shuri_(Earth-616),Strategist
BLACK-PANTHER-(T'CHALLA)-015,Dumb and Dumber Returns,Black Panther (T'Challa),https://res.cloudinary.com/dvncqcife/image/upload/v1741314735/Black_Panther_vk7bze.png,,"FL, RG, VG, GO",Strategy & Espionage (SE),Tactician/Leader,None,"Peak human with vibranium suit/tech, genius-level strategist; leader of Wakanda with advanced resources.",,Both,Field Leader,5,3,3,3,3,6,https://marvel.fandom.com/wiki/T%27Challa_(Earth-616),Strategist or Idealist
BLACK-TOM-016,Free Agent,Black Tom,https://res.cloudinary.com/dvncqcife/image/upload/v1741314735/Black_Tom_Cassiday_kkjboo.png,,"RG, VG, PO",Mystic Adept (MA),Monster Hunter,None,"Mutant with the ability to manipulate and project energy through plant matter, typically using a wooden staff.",,Both,None,2,2,2,3,5,3,https://marvel.fandom.com/wiki/Tom_Cassidy_(Earth-616),Villainous Pragmatist or Mystic
BLACK-WIDOW-017,Amber,Black Widow,https://res.cloudinary.com/dvncqcife/image/upload/v1741314737/Black_Widow_wershx.png,,"FL, RG, VG, GO",Strategy & Espionage (SE),Espionage/Infiltration,None,"Top spy/assassin with near-peak physicals, extensive combat training, and high-tech gear.",,Both,Field Leader,3,3,2,3,2,6,https://marvel.fandom.com/wiki/Natalia_Romanova_(Earth-616),Strategist or Cynic
BLADE-018,Amber,Blade,https://res.cloudinary.com/dvncqcife/image/upload/v1741314737/Blade_bct9cz.png,,"RG, VG, PO",Mystic Adept (MA),Monster Hunter,None,"Daywalker hybrid with superhuman strength, agility, healing, and immunity to vampire weaknesses; expert swordsman and marksman.",,Both,None,2,4,3,4,1,6,https://marvel.fandom.com/wiki/Eric_Brooks_(Earth-616),Rebel or Cynic
BLOB-019,Free Agent,Blob,https://res.cloudinary.com/dvncqcife/image/upload/v1741314738/Blob_nw2am8.png,,"RG, EN",Physical Combatants (PC),Tank,None,Mutant with an immovable body; superhuman durability and the ability to absorb impacts with his mass.,,Operations,None,2,5,2,6,1,3,https://marvel.fandom.com/wiki/Frederick_Dukes_(Earth-616),Cynic or Villainous Pragmatist
BLUE-MARVEL-020,Agents of Vishanti,Blue Marvel,https://res.cloudinary.com/dvncqcife/image/upload/v1741314740/Blue_Marvel_igitux.png,,"FL, RG, EN, GO, SV",Cosmic & Reality (CR),Cosmic Entity,"FLY, HVR","A near-Superman-level powerhouse; harnesses anti-matter, has immense strength, flight, and energy manipulation.",,Both,Field Leader; Sovereign,5,6,5,6,5,4,https://marvel.fandom.com/wiki/Adam_Brashear_(Earth-616),Idealist or Cosmic Observer
BRAWN-(TOTALLY-AWESOME-HULK)-021,Costco Wholesale,Brawn (Totally Awesome Hulk),https://res.cloudinary.com/dvncqcife/image/upload/v1741314741/Brawn_qhy5ke.png,,"RG, VG, EN",Physical Combatants (PC),Tank,HVR,"Super-genius with gamma-enhanced strength; retains his intelligence in Hulk form, making him a strategic powerhouse.",,Operations,None,5,6,5,6,5,4,https://marvel.fandom.com/wiki/Amadeus_Cho_(Earth-616),Rebel or Idealist
BROTHER-VOODOO-022,Costco Wholesale,Brother Voodoo,https://res.cloudinary.com/dvncqcife/image/upload/v1741314742/Brother_Voodoo_i5utms.png,,"PO, GO, SV",Mystic Adept (MA),Mystic Arts Practitioner,TP,A skilled sorcerer blending voodoo magic and mysticism; briefly served as Sorcerer Supreme.,,Intelligence,Sovereign,3,2,2,3,5,4,https://marvel.fandom.com/wiki/Jericho_Drumm_(Earth-616),Mystic or Cosmic Observer
CABLE-023,Slow And Threatening,Cable,https://res.cloudinary.com/dvncqcife/image/upload/v1741314743/Cable_szjpsj.png,,"FL, RG, VG, PO, GO",Technological & Cybernetic (TC),Gadget Specialist,TP,"Cyborg telepath and telekinetic warrior; time-traveler from a dystopian future, trained in military strategy, firearms, and tactical combat.",,Both,Field Leader,5,4,3,4,6,5,https://marvel.fandom.com/wiki/Nathan_Summers_(Earth-616),Cynic or Strategist
CANNONBALL-024,Free Agent,Cannonball,https://res.cloudinary.com/dvncqcife/image/upload/v1741314744/Cannonball_llwcg2.png,,"RG, VG",Physical Combatants (PC),Speedster,FLY,"Mutant who generates thermochemical energy, allowing him to launch himself at high speeds with near-invulnerability while blasting.",,Operations,None,2,4,3,6,1,3,https://marvel.fandom.com/wiki/Samuel_Guthrie_(Earth-616),Idealist or Rebel
CAPTAIN-AMERICA-(ROGERS)-025,Agents of Vishanti,Captain America (Rogers),https://res.cloudinary.com/dvncqcife/image/upload/v1741314754/Cyclops_bvrk3a.png,,"FL, RG, VG",Strategy & Espionage (SE),Tactician/Leader,None,"Peak human due to Super-Soldier Serum, master tactician; iconic shield, but limited by “mortal” durability.",,Operations,Field Leader,3,3,2,3,1,6,https://marvel.fandom.com/wiki/Steven_Rogers_(Earth-616),Idealist
CAPTAIN-AMERICA-(WILSON)-026,Free Agent,Captain America (Wilson),https://res.cloudinary.com/dvncqcife/image/upload/v1741314744/Captain_America_wilson_irqxpe.png,,"FL, RG, VG, GO",Strategy & Espionage (SE),Tactician/Leader,FLY,"Similar skillset to Steve plus flight, but without the full Super-Soldier enhancements; still formidable.",,Both,Field Leader,3,3,3,3,1,5,https://marvel.fandom.com/wiki/Samuel_Wilson_(Earth-616),Idealist
CAPTAIN-MARVEL-027,Dumb and Dumber Returns,Captain Marvel,https://res.cloudinary.com/dvncqcife/image/upload/v1741314747/Captain_Marvel_dc9tjh.png,,"FL, RG, VG, EN, SV",Cosmic & Reality (CR),Cosmic Entity,"FLY, HVR","Can channel cosmic energy, giving near-godlike strength, flight, and powerful energy blasts (esp. at Binary levels).",,Operations,Field Leader; Sovereign,3,5,5,6,6,4,https://marvel.fandom.com/wiki/Carol_Danvers_(Earth-616),Strategist or Idealist
CARNAGE-029,Sterling's Silly Soldiers,Carnage,https://res.cloudinary.com/dvncqcife/image/upload/v1741314747/Carnage_hslphu.png,,"RG, VG",Physical Combatants (PC),Unorthodox Fighter,HVR,"Symbiote-enhanced serial killer with heightened strength, agility, and the ability to generate bladed weapons from his biomass.",,Operations,None,2,5,4,4,4,3,https://marvel.fandom.com/wiki/Cletus_Kasady_(Earth-616),Villainous Pragmatist or Cynic
CLOAK-030,Sterling's Silly Soldiers,Cloak,https://res.cloudinary.com/dvncqcife/image/upload/v1741314748/Cloak_zo7mdk.png,,"RG, PO, GO",Mystic Adept (MA),Dimensional Manipulator,TP,"Mutant connected to the Darkforce Dimension; can teleport, phase, and absorb enemies into the void-like Darkforce.",,Both,None,2,2,2,3,5,2,https://marvel.fandom.com/wiki/Tyrone_Johnson_(Earth-616),Mystic or Cosmic Observer
COLLEEN-WING-031,Free Agent,Colleen Wing,https://res.cloudinary.com/dvncqcife/image/upload/v1741314750/Colleen_Wing_gy9vav.png,,"RG, VG, GO",Physical Combatants (PC),Martial Arts Master,None,"Highly skilled samurai and martial artist, trained in hand-to-hand combat and weapons mastery.",,Both,None,2,2,2,2,1,6,https://marvel.fandom.com/wiki/Colleen_Wing_(Earth-616),Rebel or Strategist
COLOSSUS-032,Gambit Is A Pretty Pretty Princess,Colossus,https://res.cloudinary.com/dvncqcife/image/upload/v1741314751/Colossus_dhl0jo.png,,"RG, VG, EN",Physical Combatants (PC),Tank,None,"Can transform into organic steel; super-strong, highly durable X-Man.",,Operations,None,2,6,2,6,1,4,https://marvel.fandom.com/wiki/Piotr_Rasputin_(Earth-616),Idealist
CROSSBONES-033,Free Agent,Crossbones,https://res.cloudinary.com/dvncqcife/image/upload/v1741314752/Crossbones_vcpckc.png,,"FL, RG, VG, GO",Physical Combatants (PC),Weapons Expert,None,"Highly skilled mercenary and assassin; peak human conditioning, expert in close combat and weaponry.",,Both,Field Leader,2,4,2,3,1,6,https://marvel.fandom.com/wiki/Brock_Rumlow_(Earth-616),Villainous Pragmatist or Cynic
CYCLOPS-034,Amber,Cyclops,https://res.cloudinary.com/dvncqcife/image/upload/v1741314753/Cyclops_hf0xex.png,,"FL, RG, VG",Physical Combatants (PC),Energy Blaster,None,Superb strategist; his optic blasts can punch through mountains when unleashed; physically a normal human in peak fitness.,,Operations,Field Leader,3,2,2,2,5,4,https://marvel.fandom.com/wiki/Scott_Summers_(Earth-616),Strategist or Idealist
CYPHER-035,Free Agent,Cypher,https://res.cloudinary.com/dvncqcife/image/upload/v1741314755/Cypher_kzg114.png,,"RG, PO, GO",Strategy & Espionage (SE),Tactician/Leader,None,"Mutant with the ability to understand and communicate any language, including computers, body language, and alien dialects.",,Both,None,6,2,2,2,1,2,https://marvel.fandom.com/wiki/Douglas_Ramsey_(Earth-616),Strategist
DAGGER-036,Sterling's Silly Soldiers,Dagger,https://res.cloudinary.com/dvncqcife/image/upload/v1741314756/Dagger_mxof4u.png,,"RG, PO",Mystic Adept (MA),Mystic Arts Practitioner,HVR,"Mutant who generates and manipulates ""Lightforce"" energy; capable of healing, creating energy daggers, and disrupting Darkforce.",,Both,None,2,2,2,2,5,3,https://marvel.fandom.com/wiki/Tandy_Bowen_(Earth-616),Idealist or Mystic
DAKEN-037,Free Agent,Daken,https://res.cloudinary.com/dvncqcife/image/upload/v1741314757/Dakin_faowrq.png,,"RG, VG",Physical Combatants (PC),Unorthodox Fighter,None,"Son of Wolverine, possesses enhanced strength, speed, healing factor, and pheromone-based manipulation abilities.",,Operations,None,2,4,3,4,1,6,https://marvel.fandom.com/wiki/Akihiro_(Earth-616),Cynic or Villainous Pragmatist
DANGER-038,Amber,Danger,https://res.cloudinary.com/dvncqcife/image/upload/v1741314758/Danger_b7tok8.png,,"RG, VG, GO",Technological & Cybernetic (TC),Cybernetic Augmentee,HVR,Sentient AI manifestation of the X-Men’s Danger Room; possesses vast knowledge of combat and the ability to reconfigure itself for battle.,,Both,None,4,6,6,6,6,5,https://marvel.fandom.com/wiki/Danger_(Earth-616),Strategist or Detached Cynic
DAREDEVIL-039,Slow And Threatening,Daredevil,https://res.cloudinary.com/dvncqcife/image/upload/v1741314759/Daredevil_yxvq9j.png,,"RG, VG, GO",Strategy & Espionage (SE),Martial Arts Master,HVR,"Peak human with radar sense, elite martial artist and acrobat, thrives in street-level fights.",,Both,None,3,2,2,3,1,6,https://marvel.fandom.com/wiki/Matthew_Murdock_(Earth-616),Idealist or Rebel
DARWIN-040,Ligmasigma II,Darwin,https://res.cloudinary.com/dvncqcife/image/upload/v1741314759/Darwin_gknahz.png,,"RG, GO",Physical Combatants (PC),Unorthodox Fighter,None,"Mutant with reactive evolution; his body instinctively adapts to any environment or threat, granting spontaneous mutations for survival.",,Both,None,2,2,2,7,1,2,https://marvel.fandom.com/wiki/Armando_Mu%C3%B1oz_(Earth-616),Cosmic Observer or Strategist
DAZZLER-041,Free Agent,Dazzler,https://res.cloudinary.com/dvncqcife/image/upload/v1741314761/Dazzler_d64zg0.png,,RG,Mystic Adept (MA),Mystic Arts Practitioner,None,"Mutant with the ability to convert sound into light energy, creating powerful photonic blasts and visual illusions.",,Operations,None,2,2,2,2,6,3,https://marvel.fandom.com/wiki/Alison_Blaire_(Earth-616),Idealist or Mystic
DEADPOOL-042,Pigeon Desk,Deadpool,https://res.cloudinary.com/dvncqcife/image/upload/v1741314762/Deadpool_oxuick.png,,"RG, VG, GO",Physical Combatants (PC),Unorthodox Fighter,None,"Nearly unkillable healing factor, elite combat skill, unpredictable; not a powerhouse but nearly impossible to put down.",,Both,None,2,4,3,6,1,6,https://marvel.fandom.com/wiki/Wade_Wilson_(Earth-616),
DEATHLOK-043,Pigeon Desk,Deathlok,https://res.cloudinary.com/dvncqcife/image/upload/v1741314763/Deathlok_jzw2yw.png,,"RG, VG, GO",Technological & Cybernetic (TC),Cybernetic Augmentee,None,"Cyborg soldier enhanced with superhuman durability, targeting systems, and energy weaponry; retains human consciousness.",,Both,None,4,4,3,6,5,3,https://marvel.fandom.com/wiki/Michael_Collins_(Earth-616),
DOCTOR-DOOM-044,Ligmasigma II,Doctor Doom,https://res.cloudinary.com/dvncqcife/image/upload/v1741314764/Doctor_Doom_h3mfz7.png,,"FL, RG, VG, EN, PO, GO, SV",Mystic Adept (MA),Dimensional Manipulator,"HVR, TP","Genius intellect, advanced tech, and formidable sorcery; can threaten entire nations/planets with prep.",,Both,Field Leader; Sovereign,6,4,3,6,6,4,[https://marvel.fandom.com/wiki/Victor_von_Doom_(Earth-616) ,
DOCTOR-OCTOPUS-045,Dumb and Dumber Returns,Doctor Octopus,https://res.cloudinary.com/dvncqcife/image/upload/v1741314765/Doctor_Octopus_lyx5af.png,,"RG, VG, EN, GO",Technological & Cybernetic (TC),Gadget Specialist,HVR,Genius scientist with powerful mechanical arms (adamantium or advanced alloys); intellect + tech can rival elite heroes.,,Both,None,5,4,2,3,1,3,https://marvel.fandom.com/wiki/Otto_Octavius_(Earth-616),
DOCTOR-STRANGE-046,Gambit Is A Pretty Pretty Princess,Doctor Strange,https://res.cloudinary.com/dvncqcife/image/upload/v1741314766/Doctor_Strange_fninxw.png,,"FL, RG, VG, EN, PO, SV",Mystic Adept (MA),Mystic Arts Practitioner,"HVR, TP",Sorcerer Supreme; master of arcane magic with access to powerful artifacts and spells.,,Both,Field Leader; Sovereign,5,2,2,3,6,4,https://marvel.fandom.com/wiki/Stephen_Strange_(Earth-616),
DOMINO-047,Gambit Is A Pretty Pretty Princess,Domino,https://res.cloudinary.com/dvncqcife/image/upload/v1741314767/Domino_cwgvny.png,,"RG, VG, GO",Physical Combatants (PC),Unorthodox Fighter,None,Probability manipulation (luck powers) plus elite marksmanship/agility. Hard to beat in direct confrontations.,,Both,None,3,2,2,2,1,5,https://marvel.fandom.com/wiki/Neena_Thurman_(Earth-616),
DRAX-THE-DESTROYER-048,Dumb and Dumber Returns,Drax the Destroyer,https://res.cloudinary.com/dvncqcife/image/upload/v1741314768/Drax_the_Destroyer_cvkroc.png,,"RG, VG, EN",Physical Combatants (PC),Brawler,None,"Mutant with the ability to generate and control both extreme heat and cold; a former student of Wolverine’s Jean Grey School, grappling with her powers and self-identity.",,Operations,None,2,6,5,6,1,4,https://marvel.fandom.com/wiki/Arthur_Douglas_(Earth-616),
ECHO-049,"Your honor, we were just being silly",Echo,https://res.cloudinary.com/dvncqcife/image/upload/v1741314769/Echo_kkyjh9.png,,"RG, VG, GO",Strategy & Espionage (SE),Espionage/Infiltration,None,"Expert martial artist with photographic reflexes, allowing her to instantly replicate any physical movement or combat style.",,Both,None,2,2,2,2,1,6,https://marvel.fandom.com/wiki/Maya_Lopez_(Earth-616),
ELEKTRA-050,Free Agent,Elektra,https://res.cloudinary.com/dvncqcife/image/upload/v1741314770/Elektra_xxs9n4.png,,"RG, VG, GO",Strategy & Espionage (SE),Espionage/Infiltration,HVR,"Top-tier martial artist/assassin; sometimes enhanced by mystical resurrection, but still broadly street-level.",,Both,None,3,2,2,3,1,7,https://marvel.fandom.com/wiki/Elektra_Natchios_(Earth-616),
ELIXIR-051,Amber,Elixir,https://res.cloudinary.com/dvncqcife/image/upload/v1741314772/Elixer_aoliyi.png,,"RG, PO, GO",Mystic Adept (MA),Mystic Arts Practitioner,None,"Omega-level biological manipulator; can heal injuries, cure diseases, and even manipulate life and death at a cellular level.",,Both,None,2,2,2,2,6,2,https://marvel.fandom.com/wiki/Joshua_Foley_(Earth-616),
EMMA-FROST-052,Gambit Is A Pretty Pretty Princess,Emma Frost,https://res.cloudinary.com/dvncqcife/image/upload/v1741314772/Emma_Frost_tif973.png,,"FL, PO, GO, SV",Mental Manipulators (MM),Telepath,HVR,"Mutant telepath and former Hellfire Club leader; powerful psychic, diamond form grants durability.",,Intelligence,Field Leader; Sovereign,5,2,2,2,6,3,https://marvel.fandom.com/wiki/Emma_Frost_(Earth-616),
EXODUS-053,Ligmasigma II,Exodus,https://res.cloudinary.com/dvncqcife/image/upload/v1741314773/Exodus_vjnod9.png,,"VG, PO, GO, SV",Mystic Adept (MA),Dimensional Manipulator,"FLY, TP","Omega-level mutant with vast telepathic, telekinetic, and energy manipulation abilities; centuries-old warrior.",,Both,Sovereign,4,6,5,6,6,4,https://marvel.fandom.com/wiki/Bennet_du_Paris_(Earth-616),
FANTOMEX-054,Free Agent,Fantomex,https://res.cloudinary.com/dvncqcife/image/upload/v1741314774/Fantomex_vzkvlt.png,,"RG, VG, PO, GO",Strategy & Espionage (SE),Espionage/Infiltration,HVR,"Genetically engineered super-soldier with enhanced reflexes, agility, misdirection abilities, and a living external nervous system.",,Both,None,3,3,3,3,1,5,https://marvel.fandom.com/wiki/Charlie-Cluster_7_(Earth-616),
FIRESTAR-055,Free Agent,Firestar,https://res.cloudinary.com/dvncqcife/image/upload/v1741314776/Firestar_ktvjtx.png,,"RG, VG, EN",Cosmic & Reality (CR),Cosmic Entity,"FLY, HVR","Mutant with magnetic manipulation abilities, daughter of Magneto; can control metal, generate electromagnetic fields, and disrupt electronics.",,Operations,None,3,2,2,2,5,3,https://marvel.fandom.com/wiki/Angelica_Jones_(Earth-616),
FORGE-056,Costco Wholesale,Forge,https://res.cloudinary.com/dvncqcife/image/upload/v1741314776/Forge_h8xwpk.png,,"FL, RG, VG, GO",Technological & Cybernetic (TC),Gadget Specialist,None,Omega-level technopath; possesses an intuitive genius for designing and constructing advanced technology beyond human comprehension.,,Both,Field Leader,5,2,2,2,1,3,https://marvel.fandom.com/wiki/Jonathan_Silvercloud_(Earth-616),
GAMBIT-057,Gambit Is A Pretty Pretty Princess,Gambit,https://res.cloudinary.com/dvncqcife/image/upload/v1741314778/Gambit_wznocp.png,,"RG, VG, GO",Physical Combatants (PC),Demolitionist,None,"Can charge objects with kinetic energy (explosive cards/staff); agile, but overall still near-human durability.",,Both,None,3,2,2,2,4,4,https://marvel.fandom.com/wiki/Remy_LeBeau_(Earth-616),
GAMORA-058,Pigeon Desk,Gamora,https://res.cloudinary.com/dvncqcife/image/upload/v1741314779/Gamora_ttgpzm.png,,"RG, VG",Physical Combatants (PC),Weapons Expert,None,"Genetically enhanced raccoon with exceptional intellect, tactical expertise, and mastery of weaponry and explosives.",,Operations,None,3,6,3,6,1,6,https://marvel.fandom.com/wiki/Gamora_Zen_Whoberi_Ben_Titan_(Earth-7528),
GHOST-RIDER-059,Agents of Vishanti,Ghost Rider,https://res.cloudinary.com/dvncqcife/image/upload/v1741314780/Ghost_Rider_degihh.png,,"RG, VG, EN, PO, SV",Mystic Adept (MA),Monster Hunter,"HVR, TP","Hosts the power of Zarathos; supernatural abilities, near-invulnerability, “Penance Stare,” and demonic strength.",,Both,Sovereign,2,4,3,6,5,4,https://marvel.fandom.com/wiki/Johnny_Blaze_(Earth-616),
GHOST-SPIDER-(SPIDER-GWEN)-060,Dumb and Dumber Returns,Ghost Spider (Spider-Gwen),https://res.cloudinary.com/dvncqcife/image/upload/v1741314781/Ghost_Spider_pejzo2.png,,"RG, VG, GO",Physical Combatants (PC),Espionage/Infiltration,HVR,"Gwen Stacy from Earth-65 (now in Earth-616); possesses spider-enhanced abilities, heightened agility, wall-crawling, organic webbing, and a precognitive danger sense (Spider-Sense)",,Both,None,3,4,3,3,1,4,https://marvel.fandom.com/wiki/Gwendolyn_Stacy_(Earth-65),
GLADIATOR-061,Ligmasigma II,Gladiator,https://res.cloudinary.com/dvncqcife/image/upload/v1741314782/Gladiator_hgsnsa.png,,"FL, RG, VG, EN",Cosmic & Reality (CR),Cosmic Entity,"FLY, HVR","Elite warrior of the Shi’ar Empire, possessing immense strength, durability, heat vision, and faster-than-light travel. His abilities scale with his confidence.",,Operations,Field Leader,3,7,7,6,4,5,https://marvel.fandom.com/wiki/Kallark_(Earth-616),
GOLDBALLS-062,Free Agent,Goldballs,https://res.cloudinary.com/dvncqcife/image/upload/v1741314783/Goldballs_aek8wv.png,,RG,Mystic Adept (MA),Mystic Arts Practitioner,None,"Mutant with the ability to generate and launch golden, inert spheres that later proved capable of creating viable mutant eggs for resurrection.",,Operations,None,2,2,2,2,4,2,https://marvel.fandom.com/wiki/Fabio_Medina_(Earth-616),
GREEN-GOBLIN-063,Free Agent,Green Goblin,https://res.cloudinary.com/dvncqcife/image/upload/v1741314783/Green_Goblin_z4biyo.png,,"FL, RG, VG",Technological & Cybernetic (TC),Gadget Specialist,HVR,"Enhanced strength/endurance plus goblin tech (glider, bombs); a deadly but street-level threat to Spider-Man.",,Operations,Field Leader,5,4,2,4,1,4,https://marvel.fandom.com/wiki/Norman_Osborn_(Earth-616),Villainous Pragmatist
GROOT-064,"Your honor, we were just being silly",Groot,https://res.cloudinary.com/dvncqcife/image/upload/v1741314784/Groot_edh6nd.png,,"RG, VG, EN",Physical Combatants (PC),Tank,None,"Cosmic warrior with superhuman strength and durability, designed to combat Thanos; highly skilled in melee combat.",,Operations,None,2,6,2,6,1,4,https://marvel.fandom.com/wiki/Groot_(Earth-616),Idealist
GUARDIAN-065,Ligmasigma II,Guardian,https://res.cloudinary.com/dvncqcife/image/upload/v1741314787/Guardian_mmdg4f.png,,"RG, VG",Technological & Cybernetic (TC),Armor-Powered Hero,"FLY, HVR","Leader of Alpha Flight, wears a technologically advanced battlesuit that enhances strength, speed, and generates force fields.",,Operations,None,3,4,4,4,5,4,https://marvel.fandom.com/wiki/James_Hudson_(Earth-616),Strategist
HAVOK-066,Free Agent,Havok,https://res.cloudinary.com/dvncqcife/image/upload/v1741314787/Havok_xcbhgb.png,,"FL, RG, VG",Physical Combatants (PC),Energy Blaster,None,Mutant capable of absorbing ambient cosmic energy and releasing it as powerful plasma blasts; brother of Cyclops.,,Operations,Field Leader,3,2,2,2,6,3,https://marvel.fandom.com/wiki/Alex_Summers_(Earth-616),Cynic
HAWKEYE-(KATE-BISHOP)-068,Free Agent,Hawkeye (Kate Bishop),https://res.cloudinary.com/dvncqcife/image/upload/v1741314788/Hawkeye_Kate_Bishop_xjgq5f.png,,"RG, VG, GO",Physical Combatants (PC),Sharpshooter,None,Highly skilled archer and martial artist; trained by Clint Barton and one of the Young Avengers' most capable members.,,Both,None,3,2,2,2,1,5,https://marvel.fandom.com/wiki/Katherine_Bishop_(Earth-616),Rebel
HAWKEYE-067,Gambit Is A Pretty Pretty Princess,Hawkeye,https://res.cloudinary.com/dvncqcife/image/upload/v1741318214/Hawkeye_aqzrhx.png,,"FL, RG, VG, GO",Physical Combatants (PC),Sharpshooter,None,Peak human archer with uncanny accuracy; wide array of trick arrows.,,Both,Field Leader,3,2,2,2,1,6,https://marvel.fandom.com/wiki/Clinton_Barton_(Earth-616),Rebel
HULK-069,Sterling's Silly Soldiers,Hulk,https://res.cloudinary.com/dvncqcife/image/upload/v1741318215/Hulk_ahkfbm.png,,"RG, VG, EN",Physical Combatants (PC),Tank,None,Potentially limitless strength fueled by rage; near-indestructible with vast regeneration.,,Operations,None,6,7,3,7,5,4,https://marvel.fandom.com/wiki/Bruce_Banner_(Earth-616),Cynic
HULKLING-(TEDDY-ALTMAN)-070,Costco Wholesale,Hulkling (Teddy Altman),https://res.cloudinary.com/dvncqcife/image/upload/v1741318216/Hulkling_c1xyrf.png,,"RG, VG, PO, SV",Cosmic & Reality (CR),Cosmic Entity,"FLY, HVR","Kree-Skrull hybrid with immense strength, durability, and shape-shifting abilities; rightful heir to the Skrull Empire.",,Both,Sovereign,2,6,3,6,1,4,https://marvel.fandom.com/wiki/Dorrek_VIII_(Earth-616),Idealist
HUSK-071,Free Agent,Husk,https://res.cloudinary.com/dvncqcife/image/upload/v1741318217/Husk_t34odo.png,,"RG, VG",Physical Combatants (PC),Unorthodox Fighter,None,"Mutant with the ability to shed her skin and regenerate with a different biological composition, granting various enhancements.",,Operations,None,3,2,2,2,1,3,https://marvel.fandom.com/wiki/Paige_Guthrie_(Earth-616),Idealist
HYPERION-072,Amber,Hyperion,https://res.cloudinary.com/dvncqcife/image/upload/v1741318218/Hyperion_hw9flb.png,,"RG, VG, EN, SV",Cosmic & Reality (CR),Cosmic Entity,"FLY, HVR","Superhuman being with strength, speed, flight, and energy projection; an alternate-universe powerhouse akin to Superman.",,Operations,Sovereign,3,7,7,6,5,6,https://marvel.fandom.com/wiki/Mark_Milton_(Earth-13034),Cosmic Observer
ICEMAN-073,Pigeon Desk,Iceman,https://res.cloudinary.com/dvncqcife/image/upload/v1741318221/Iceman_pzcjyt.png,,"RG, VG, EN",Mystic Adept (MA),Dimensional Manipulator,HVR,Omega-level mutant who can manipulate moisture/ice at a molecular level; near-immortal in ice form.,,Operations,None,2,4,3,4,7,3,https://marvel.fandom.com/wiki/Robert_Drake_(Earth-616),Idealist
INVISIBLE-WOMAN-074,Costco Wholesale,Invisible Woman,https://res.cloudinary.com/dvncqcife/image/upload/v1741318221/Invisible_Woman_lygdyz.png,,"FL, RG, VG, EN, GO",Mystic Adept (MA),Mystic Arts Practitioner,None,Creates powerful force fields (can contain massive blasts or crush foes) and turn herself/others invisible.,,Both,Field Leader,3,2,2,2,6,3,https://marvel.fandom.com/wiki/Susan_Storm_(Earth-616),Guardian
IRON-FIST-075,Dumb and Dumber Returns,Iron Fist,https://res.cloudinary.com/dvncqcife/image/upload/v1741318222/Iron_Fist_kx3n0d.png,,"RG, VG, GO",Mystic Adept (MA),Martial Arts Master,HVR,Martial arts master; can channel chi for superhuman strikes and healing.,,Both,None,3,4,3,3,4,6,https://marvel.fandom.com/wiki/Daniel_Rand_(Earth-616),Rebel
IRON-MAN-076,Costco Wholesale,Iron Man,https://res.cloudinary.com/dvncqcife/image/upload/v1741318222/Iron_Man_ysqzh4.png,,"FL, RG, VG, EN",Technological & Cybernetic (TC),Armor-Powered Hero,"FLY, HVR","Genius inventor; high-tech armor can reach near-cosmic levels with specialized suits (Hulkbuster, Godkiller, etc.).",,Operations,Field Leader,6,6,5,6,6,4,https://marvel.fandom.com/wiki/Anthony_Stark_(Earth-616),Strategist
IRONHEART-077,Sterling's Silly Soldiers,Ironheart,https://res.cloudinary.com/dvncqcife/image/upload/v1741318225/Ironheart_h7d6nz.png,,"RG, VG, EN",Technological & Cybernetic (TC),Armor-Powered Hero,"FLY, HVR",Brilliant young engineer with Stark-inspired armor; still developing but formidable tech-based hero.,,Operations,None,5,5,5,5,5,3,https://marvel.fandom.com/wiki/Riri_Williams_(Earth-616),Idealist
JEAN-GREY-(PHOENIX)-078,Gambit Is A Pretty Pretty Princess,Jean Grey (Phoenix),https://res.cloudinary.com/dvncqcife/image/upload/v1741318226/Jean_Grey_Phoenix_jogysk.png,,"FL, RG, VG, EN, PO, SV",Mental Manipulators (MM),Telepath,"FLY, HVR",Cosmic-level reality-warper/telepath/telekinetic when fully merged with the Phoenix Force.,,Both,Field Leader; Sovereign,4,2,3,3,7,3,https://marvel.fandom.com/wiki/Jean_Grey_(Earth-616),Cosmic Observer
JESSICA-JONES-079,Free Agent,Jessica Jones,https://res.cloudinary.com/dvncqcife/image/upload/v1741318227/Jessica_Jones_tha3ft.png,,"RG, VG, GO",Physical Combatants (PC),Tank,HVR,"Private investigator with superhuman strength, durability, and limited flight; former superhero Jewel.",,Both,None,2,4,2,4,1,3,https://marvel.fandom.com/wiki/Jessica_Jones_(Earth-616),Cynic
JOCASTA-080,Ligmasigma II,Jocasta,https://res.cloudinary.com/dvncqcife/image/upload/v1741318229/Jocasta_rqbzet.png,,"RG, VG, EN, GO",Technological & Cybernetic (TC),Cybernetic Augmentee,HVR,AI-created android by Ultron; possesses superhuman abilities and extensive data-processing capabilities.,,Both,None,5,5,3,5,5,3,https://marvel.fandom.com/wiki/Jocasta_(Earth-616),Outsider
JUBILEE-081,"Your honor, we were just being silly",Jubilee,https://res.cloudinary.com/dvncqcife/image/upload/v1741318230/Jubilee_fogrds.png,,"RG, VG",Physical Combatants (PC),Energy Blaster,None,Former plasma-based mutant turned vampire; generates explosive “fireworks” energy plasmoids and possesses enhanced vampire durability and speed.,,Operations,None,2,2,2,2,4,3,https://marvel.fandom.com/wiki/Jubilation_Lee_(Earth-616),Idealist
JUGGERNAUT-082,Slow And Threatening,Juggernaut,https://res.cloudinary.com/dvncqcife/image/upload/v1741318230/Juggernaut_v2ncm4.png,,"RG, VG, EN",Physical Combatants (PC),Tank,None,"Mystically empowered by the Crimson Gem of Cyttorak; possesses limitless strength, near-invulnerability, and unstoppable momentum.",,Operations,None,2,7,3,7,1,4,https://marvel.fandom.com/wiki/Cain_Marko_(Earth-616),Rebel
KANG-THE-CONQUEROR-083,Pigeon Desk,Kang the Conqueror,https://res.cloudinary.com/dvncqcife/image/upload/v1741318232/Kang_the_Conquerer_pt3v1r.png,,"FL, RG, VG, SV",Technological & Cybernetic (TC),Gadget Specialist,TP,Time-traveling genius; advanced weaponry and tech from across timelines; a threat to entire eras and realities.,,Operations,Field Leader; Sovereign,6,4,3,6,6,4,https://marvel.fandom.com/wiki/Nathaniel_Richards_(Kang)_(Earth-6311),Villainous Pragmatist
KATE-PRYDE-(SHADOWCAT)-084,Free Agent,Kate Pryde (Shadowcat),https://res.cloudinary.com/dvncqcife/image/upload/v1741318233/Kate_Pryde_Shadowcat_mbbipo.png,,"FL, RG, VG, GO",Strategy & Espionage (SE),Martial Arts Master,HVR,"Mutant with the ability to phase through solid objects; skilled martial artist, leader, and strategist.",,Both,Field Leader,3,2,2,2,1,4,https://marvel.fandom.com/wiki/Katherine_Pryde_(Earth-616),Idealist
KID-OMEGA-085,Pigeon Desk,Kid Omega,https://res.cloudinary.com/dvncqcife/image/upload/v1741318271/Quentin_Quire_mobzuz.png,,"RG, VG, EN, PO, GO, SV",Mental Manipulators (MM),Telepath,HVR,"Omega-level telepath and telekinetic, one of the most powerful psionic mutants alive. Highly intelligent but rebellious.",,Both,Sovereign,5,2,2,2,6,2,https://marvel.fandom.com/wiki/Quentin_Quire_(Earth-616),Cynic
KINGPIN-086,Free Agent,Kingpin,https://res.cloudinary.com/dvncqcife/image/upload/v1741318234/Kingpin_udu0ys.png,,"FL, RG, VG, EN",Strategy & Espionage (SE),Tactician/Leader,None,Not superhuman but possesses incredible strength and strategic genius; one of the most powerful crime lords in Marvel.,,Operations,Field Leader,3,4,2,3,1,4,https://marvel.fandom.com/wiki/Wilson_Fisk_(Earth-616),Villainous Pragmatist
LOKI-087,"Your honor, we were just being silly",Loki,https://res.cloudinary.com/dvncqcife/image/upload/v1741318235/Loki_gtfr5p.png,,"RG, VG, PO, GO, SV",Mystic Adept (MA),Dimensional Manipulator,"HVR, TP","Asgardian god of mischief; powerful sorcerer, illusionist, and shapeshifter with centuries of cunning.",,Both,Sovereign,5,5,7,6,6,4,https://marvel.fandom.com/wiki/Loki_Laufeyson_(Earth-616),Cosmic Observer
LUKE-CAGE-088,Free Agent,Luke Cage,https://res.cloudinary.com/dvncqcife/image/upload/v1741318236/Luke_Cage_qedumm.png,,"FL, RG, VG, EN, GO",Physical Combatants (PC),Tank,None,Super-strength and bulletproof skin; a near-unstoppable force at street-to-tank level.,,Both,Field Leader,2,5,2,6,1,4,https://marvel.fandom.com/wiki/Carl_Lucas_(Earth-616),Guardian
M-089,Free Agent,M,https://res.cloudinary.com/dvncqcife/image/upload/v1741318237/M_pkfg36.png,,"FL, RG, VG, GO",Mental Manipulators (MM),Telepath,"FLY, HVR","Mutant powerhouse with enhanced strength, durability, telepathy, and flight; highly intelligent.",,Both,Field Leader,3,4,4,4,1,3,https://marvel.fandom.com/wiki/Monet_St.Croix(Earth-616),Strategist
MAGIK-090,Gambit Is A Pretty Pretty Princess,Magik,https://res.cloudinary.com/dvncqcife/image/upload/v1741318238/Magik_qnjvms.png,,"RG, VG, PO, GO, SV",Mystic Adept (MA),Dimensional Manipulator,TP,"Ruler of Limbo; powerful sorceress wielding the Soulsword, plus teleportation/time travel via stepping discs.",,Both,Sovereign,3,2,2,3,6,4,https://marvel.fandom.com/wiki/Illyana_Rasputina_(Earth-616),Mystic
MAGNETO-091,Sterling's Silly Soldiers,Magneto,https://res.cloudinary.com/dvncqcife/image/upload/v1741318239/Magneto_tjgwbi.png,,"FL, RG, VG, EN, PO",Mental Manipulators (MM),Telekinetic Wielder (TKW),"FLY, HVR","Omega-level mutant controlling electromagnetism; can generate massive force fields, manipulate metal on a global scale.",,Both,Field Leader,5,2,3,3,6,4,https://marvel.fandom.com/wiki/Max_Eisenhardt_(Earth-616),Villainous Pragmatist
MARVEL-GIRL-092,Amber,Marvel Girl,https://res.cloudinary.com/dvncqcife/image/upload/v1741318240/Marvel_Girl_w8xdhz.png,,"FL, RG, VG, PO, GO, SV",Mental Manipulators (MM),Telepath,"FLY, HVR","Mutant telepath and telekinetic from an alternate future; capable of manipulating minds, levitating objects, and wielding Phoenix Force fragments.",,Both,Field Leader; Sovereign,4,2,3,3,7,3,https://marvel.fandom.com/wiki/Jean_Grey_(Earth-616),Idealist
MEDUSA-093,Free Agent,Medusa,https://res.cloudinary.com/dvncqcife/image/upload/v1741318242/Medusa_blev8i.png,,"FL, RG, VG",Physical Combatants (PC),Unorthodox Fighter,HVR,"Inhuman with super-strong, psionically-controlled hair; overshadowed by other Inhumans in raw power.",,Operations,Field Leader,2,4,2,3,1,4,https://marvel.fandom.com/wiki/Medusalith_Amaquelin_(Earth-616),Strategist
MISTY-KNIGHT-094,Free Agent,Misty Knight,https://res.cloudinary.com/dvncqcife/image/upload/v1741318243/Misty_Knight_e66vdx.png,,"FL, RG, VG, GO",Technological & Cybernetic (TC),Cybernetic Augmentee,HVR,Former NYPD officer turned private investigator; skilled in hand-to-hand combat and wields a cybernetic arm with superhuman strength.,,Both,Field Leader,2,2,2,2,1,5,https://marvel.fandom.com/wiki/Mercedes_Knight_(Earth-616),Guardian
MOCKINGBIRD-095,Free Agent,Mockingbird,https://res.cloudinary.com/dvncqcife/image/upload/v1741318244/Mockingbird_rlraok.png,,"RG, VG, GO",Physical Combatants (PC),Weapons Expert,None,Highly skilled spy and hand-to-hand combatant; possesses enhanced agility and reflexes due to an experimental serum.,,Both,None,4,2,2,2,1,6,https://marvel.fandom.com/wiki/Barbara_Morse_(Earth-616),Rebel
MOON-KNIGHT-096,Dumb and Dumber Returns,Moon Knight,https://res.cloudinary.com/dvncqcife/image/upload/v1741318245/Moon_Knight_diau8v.png,,"RG, VG, PO, GO",Strategy & Espionage (SE),Espionage/Infiltration,HVR,"Enhanced by Khonshu; peak human with some mystical edges, can resurrect, variable power depending on lunar phases.",,Both,None,3,4,2,3,1,6,https://marvel.fandom.com/wiki/Marc_Spector_(Earth-616),Cynic
MOONSTAR-097,Sterling's Silly Soldiers,Moonstar,https://res.cloudinary.com/dvncqcife/image/upload/v1741318246/Moonstar_vfbdje.png,,"RG, VG, PO",Mental Manipulators (MM),Illusionist,HVR,Mutant warrior with the ability to create psychic weapons and induce realistic fear-based illusions in enemies.,,Both,None,2,2,2,2,5,4,https://marvel.fandom.com/wiki/Danielle_Moonstar_(Earth-616),Idealist
MORPH-098,Dumb and Dumber Returns,Morph,https://res.cloudinary.com/dvncqcife/image/upload/v1741318247/Morph_yxm36n.png,,"RG, PO, GO",Physical Combatants (PC),Unorthodox Fighter,"FLY, HVR","Shapeshifting mutant with full-body elasticity and transformation capabilities, often used for deception or comedic effect.",,Both,None,3,4,3,4,1,3,https://marvel.fandom.com/wiki/Kevin_Sydney_(Earth-1081),Outsider
MR.-FANTASTIC-099,Agents of Vishanti,Mr. Fantastic,https://res.cloudinary.com/dvncqcife/image/upload/v1741318248/Mr._Fantastic_kkx3qe.png,,"FL, RG, VG, GO",Technological & Cybernetic (TC),Unorthodox Fighter,None,Genius-level intellect plus extreme elasticity; prep time and inventions make him a major strategic threat.,,Both,Field Leader,6,2,2,3,1,3,https://marvel.fandom.com/wiki/Reed_Richards_(Earth-616),Strategist
MS.-MARVEL-(KAMALA-KHAN)-100,Free Agent,Ms. Marvel (Kamala Khan),https://res.cloudinary.com/dvncqcife/image/upload/v1741318249/Ms._Marvel_Kamala_Khan_jriwhz.png,,"FL, RG, VG, EN",Physical Combatants (PC),Unorthodox Fighter,None,Can “embiggen” (enlarge/stretch) her body; young hero still honing her powers.,,Operations,Field Leader,3,4,2,4,1,3,https://marvel.fandom.com/wiki/Kamala_Khan_(Earth-616),Idealist
MULTIPLE-MAN-101,Free Agent,Multiple Man,https://res.cloudinary.com/dvncqcife/image/upload/v1741318251/Multiple_Man_jyb97p.png,,"RG, VG, EN",Physical Combatants (PC),Unorthodox Fighter,None,"Can create multiple copies of himself, each independent but sharing experiences upon reabsorption.",,Operations,None,3,2,2,2,1,3,https://marvel.fandom.com/wiki/James_Madrox_(Earth-616),Rebel
MYSTERIO-102,Free Agent,Mysterio,https://res.cloudinary.com/dvncqcife/image/upload/v1741318252/Mysterio_s5yrzw.png,,"RG, VG, PO",Mental Manipulators (MM),Illusionist,None,Illusion-based tech genius; formidable psychological threat but not superhuman physically.,,Both,None,3,2,2,2,1,2,https://marvel.fandom.com/wiki/Quentin_Beck_(Earth-616),Villainous Pragmatist
MYSTIQUE-103,"Your honor, we were just being silly",Mystique,https://res.cloudinary.com/dvncqcife/image/upload/v1741318253/Mystique_znwucr.png,,"RG, PO, GO",Strategy & Espionage (SE),Espionage/Infiltration,None,"Shapeshifting mutant assassin; expert in infiltration, hand-to-hand combat, and manipulating identities for espionage.",,Both,None,4,4,2,4,1,4,https://marvel.fandom.com/wiki/Raven_Darkh%C3%B6lme_(Earth-616),Cynic
NAMOR-(THE-SUB-MARINER)-104,Amber,Namor (The Sub-Mariner),https://res.cloudinary.com/dvncqcife/image/upload/v1741318254/Namor_The_Sub-Mariner_vpdult.png,,"FL, RG, VG, EN",Cosmic & Reality (CR),Cosmic Entity,"FLY, HVR","Regal Atlantean mutant with superhuman strength, flight, and marine control; a fierce warrior and tactical leader.",,Operations,Field Leader,2,6,3,6,1,4,https://marvel.fandom.com/wiki/Namor_McKenzie_(Earth-616),Cosmic Observer
NEBULA-105,Agents of Vishanti,Nebula,https://res.cloudinary.com/dvncqcife/image/upload/v1741318255/Nebula_uja8e5.png,,"RG, VG, GO",Technological & Cybernetic (TC),Cybernetic Augmentee,None,"Cyborg assassin with enhanced strength, reflexes, and technological adaptability; former rival to Gamora.",,Both,None,2,4,2,4,1,4,https://marvel.fandom.com/wiki/Nebula_(Earth-616),Cynic
NICK-FURY-106,Agents of Vishanti,Nick Fury,https://res.cloudinary.com/dvncqcife/image/upload/v1741318256/Nick_Fury_msiuq0.png,,"FL, RG, GO",Strategy & Espionage (SE),Tactician/Leader,None,"Legendary S.H.I.E.L.D. director and super-spy; highly trained in combat, tactics, and intelligence.",,Both,Field Leader,4,3,2,3,1,6,https://marvel.fandom.com/wiki/Nicholas_Fury_(Earth-616),Strategist
NICO-MINORU-107,"Your honor, we were just being silly",Nico Minoru,https://res.cloudinary.com/dvncqcife/image/upload/v1741318257/Nico_Minoru_thrxav.png,,"VG, EN, PO",Mystic Adept (MA),Mystic Arts Practitioner,None,"Powerful magic user wielding the Staff of One; can cast unique spells, but each can only be used once.",,Both,None,3,2,2,2,6,2,https://marvel.fandom.com/wiki/Nico_Minoru_(Earth-616),Mystic
NIGHTCRAWLER-108,Agents of Vishanti,Nightcrawler,https://res.cloudinary.com/dvncqcife/image/upload/v1741318259/Nightcrawler_lcv7ip.png,,"RG, VG, GO",Mystic Adept (MA),Teleporter,TP,Teleporter with acrobatic agility; can “bamf” repeatedly for unpredictable attacks.,,Both,None,3,2,3,3,1,5,https://marvel.fandom.com/wiki/Kurt_Wagner_(Earth-616),Idealist
NIMROD-109,Ligmasigma II,Nimrod,https://res.cloudinary.com/dvncqcife/image/upload/v1741318260/Nimrod_b2urwh.png,,"FL, RG, VG, EN",Technological & Cybernetic (TC),Cybernetic Augmentee,"FLY, HVR","Highly advanced Sentinel with adaptive AI, nanotechnology-based regeneration, and energy projection; designed to hunt mutants.",,Operations,Field Leader,5,6,4,7,6,4,https://marvel.fandom.com/wiki/Nimrod_(Earth-811),Villainous Pragmatist
NOVA-110,Costco Wholesale,Nova,https://res.cloudinary.com/dvncqcife/image/upload/v1741318261/Nova_lgo64s.png,,"RG, VG, SV",Cosmic & Reality (CR),Cosmic Entity,"FLY, HVR","Empowered by the Nova Force; super-strength, flight, energy projection, near-light-speed travel, plus a Corps backing.",,Operations,Sovereign,2,5,7,6,6,4,https://marvel.fandom.com/wiki/Richard_Rider_(Earth-616),Idealist
OMEGA-RED-111,Free Agent,Omega Red,https://res.cloudinary.com/dvncqcife/image/upload/v1741318262/Omega_Red_badrzn.png,,"RG, VG, EN",Physical Combatants (PC),Unorthodox Fighter,HVR,Russian mutant assassin with the ability to emit lethal pheromones and drain life energy; possesses near-indestructible carbonadium tendrils.,,Operations,None,2,4,2,4,4,4,https://marvel.fandom.com/wiki/Arkady_Rossovich_(Earth-616),Cynic
PATRIOT-(ELI-BRADLEY)-112,Free Agent,Patriot (Eli Bradley),https://res.cloudinary.com/dvncqcife/image/upload/v1741318264/Patriot_Eli_Bradley_qj51yq.png,,"FL, RG, VG, GO",Physical Combatants (PC),Brawler,None,"Grandson of Isaiah Bradley, inherits super soldier-like abilities through a modified serum; skilled combatant and tactician.",,Both,Field Leader,2,3,2,3,1,4,https://marvel.fandom.com/wiki/Elijah_Bradley_(Earth-616),Idealist
POLARIS-113,"Your honor, we were just being silly",Polaris,https://res.cloudinary.com/dvncqcife/image/upload/v1741318265/Polaris_kn2q6o.png,,"RG, VG",Mental Manipulators (MM),Telekinetic Wielder (TKW),"FLY, HVR","Mutant with the ability to generate and manipulate microwave radiation, allowing her to emit intense heat, disrupt electronics, and achieve flight.",,Operations,None,3,2,2,2,6,3,https://marvel.fandom.com/wiki/Lorna_Dane_(Earth-616),Strategist
PROFESSOR-X-114,Dumb and Dumber Returns,Professor X,https://res.cloudinary.com/dvncqcife/image/upload/v1741318266/Professor_X_qqratk.png,,"FL, PO, SV",Mental Manipulators (MM),Telepath,HVR,World-class telepath; can read/control minds on a massive scale (enhanced via Cerebro).,,Intelligence,Field Leader; Sovereign,5,2,2,2,6,2,https://marvel.fandom.com/wiki/Charles_Xavier_(Earth-616),Cosmic Observer
PROTEUS-115,Ligmasigma II,Proteus,https://res.cloudinary.com/dvncqcife/image/upload/v1741318268/Proteus_zdbncl.png,,"EN, PO, SV",Cosmic & Reality (CR),Reality Bender,"HVR, TP",Omega-level mutant with reality-warping abilities; requires host bodies to sustain his unstable form.,,Both,Sovereign,2,2,2,1,7,1,https://marvel.fandom.com/wiki/Kevin_MacTaggert_(Earth-616),Mystic
PSYLOCKE-116,Sterling's Silly Soldiers,Psylocke,https://res.cloudinary.com/dvncqcife/image/upload/v1741318268/Psylocke_pdzswi.png,,"FL, RG, VG, PO, GO",Mental Manipulators (MM),Martial Arts Master,None,Skilled telepath/telekinetic with psychic blades; formidable martial artist.,,Both,Field Leader,4,2,2,2,5,6,https://marvel.fandom.com/wiki/Elizabeth_Braddock_(Earth-616),Rebel
PUNISHER-149,Costco Wholesale,Punisher,https://res.cloudinary.com/dvncqcife/image/upload/v1741318269/Punisher_ngyazf.png,,"RG, VG, GO",Physical Combatants (PC),None,None,Lethal soldier/assassin with unmatched firearms skill and tactics; purely human but extremely dangerous.,,Both,None,3,3,2,3,1,6,https://marvel.fandom.com/wiki/Frank_Castle_(Earth-616),Cynic
QUAKE-117,"Your honor, we were just being silly",Quake,https://res.cloudinary.com/dvncqcife/image/upload/v1741318270/Quake_fzhkl5.png,,"FL, RG, VG, EN, GO",Physical Combatants (PC),Demolitionist,None,"S.H.I.E.L.D. agent with the ability to generate and control seismic waves, making her a highly skilled combatant and espionage expert.",,Both,Field Leader,3,2,2,3,5,6,https://marvel.fandom.com/wiki/Daisy_Johnson_(Earth-616),Strategist
QUICKSILVER-118,Gambit Is A Pretty Pretty Princess,Quicksilver,https://res.cloudinary.com/dvncqcife/image/upload/v1741318273/Quicksilver_gb5mfv.png,,"FL, RG, GO",Strategy & Espionage (SE),Speedster,None,"Mutant with superhuman speed, enhanced reflexes, and accelerated metabolism; son of Magneto and twin of Scarlet Witch.",,Both,Field Leader,2,2,7,3,1,4,https://marvel.fandom.com/wiki/Pietro_Maximoff_(Earth-616),Rebel
RED-SKULL-119,Free Agent,Red Skull,https://res.cloudinary.com/dvncqcife/image/upload/v1741318274/Red_Skull_coc7ne.png,,"FL, RG, VG, PO",Technological & Cybernetic (TC),Tactician/Leader,None,Physically enhanced (or peak human) plus genius strategist; dangerous especially with advanced weaponry or the Cosmic Cube.,,Both,Field Leader,5,2,2,2,1,4,https://marvel.fandom.com/wiki/Johann_Shmidt_(Earth-616),Villainous Pragmatist
ROCKET-RACOON-120,Pigeon Desk,Rocket Racoon,https://res.cloudinary.com/dvncqcife/image/upload/v1741318275/Rocket_Raccoon_sktf8z.png,,"RG, GO",Physical Combatants (PC),Gadget Specialist,None,"Sentient tree-like alien with regenerative abilities, immense strength, and limited speech communication.",,Both,None,3,2,2,2,1,4,https://marvel.fandom.com/wiki/Rocket_Raccoon_(Earth-616),Cynic
ROGUE-121,Gambit Is A Pretty Pretty Princess,Rogue,https://res.cloudinary.com/dvncqcife/image/upload/v1741318276/Rogue_qyimm7.png,,"FL, RG, VG, EN, PO",Physical Combatants (PC),Unorthodox Fighter,"FLY, HVR",Can absorb powers/abilities on contact; permanently kept Ms. Marvel’s flight and strength in many storylines.,,Both,Field Leader,3,5,3,4,1,4,https://marvel.fandom.com/wiki/Anna_Marie_(Earth-616),Guardian
SABRETOOTH-122,Free Agent,Sabretooth,https://res.cloudinary.com/dvncqcife/image/upload/v1741318277/Sabretooth_wv5o1j.png,,"RG, VG, EN",Strategy & Espionage (SE),Brawler,None,"Feral mutant with heightened senses, superhuman strength, enhanced healing, and predatory instincts.",,Operations,None,2,4,2,4,1,5,https://marvel.fandom.com/wiki/Victor_Creed_(Earth-616),Villainous Pragmatist
SAGE-123,Slow And Threatening,Sage,https://res.cloudinary.com/dvncqcife/image/upload/v1741318279/Sage_g1mqtk.png,,"FL, RG, PO, GO",Cosmic & Reality (CR),Tactician/Leader,None,"Human computer; possesses perfect memory, rapid data processing, strategic foresight, and the ability to activate or enhance latent mutant genes.",,Both,Field Leader,5,2,2,2,5,4,https://marvel.fandom.com/wiki/Tessa_(Earth-616),Strategist
SCARLET-WITCH-124,Sterling's Silly Soldiers,Scarlet Witch,https://res.cloudinary.com/dvncqcife/image/upload/v1741318280/Scarlet_Witch_sgxuq0.png,,"EN, PO, SV",Cosmic & Reality (CR),Reality Bender,"HVR, TP",Reality-altering Chaos Magic (especially post–“House of M”) allowing for large-scale reality manipulation.,,Both,Sovereign,3,2,2,2,7,3,https://marvel.fandom.com/wiki/Wanda_Maximoff_(Earth-616),Mystic
SENTRY-125,Ligmasigma II,Sentry,https://res.cloudinary.com/dvncqcife/image/upload/v1741318281/Sentry_av6tvc.png,,"RG, VG, EN, SV",Physical Combatants (PC),Cosmic Entity,"FLY, HVR","Wields immense strength, speed, invulnerability, and energy projection. His powers depend on his mental state, risking the emergence of his dark persona, the Void.",,Operations,Sovereign,3,7,7,7,6,4,https://marvel.fandom.com/wiki/Robert_Reynolds_(Earth-616),Cosmic Observer
SHANG-CHI-126,Gambit Is A Pretty Pretty Princess,Shang-Chi,https://res.cloudinary.com/dvncqcife/image/upload/v1741318281/Shang-Chi_wht5eh.png,,"RG, VG, GO",Physical Combatants (PC),Martial Arts Master,None,Possibly Marvel’s greatest hand-to-hand fighter; chi manipulation allows bursts of superhuman feats.,,Both,None,3,3,2,3,1,7,https://marvel.fandom.com/wiki/Shang-Chi_(Earth-616),Idealist
SHE-HULK-127,Pigeon Desk,She-Hulk,https://res.cloudinary.com/dvncqcife/image/upload/v1741318284/She-Hulk_slwuaf.png,,"FL, VG, EN",Strategy & Espionage (SE),Tank,None,"Gamma-based strength/durability like Hulk, though less rage-amp potential; still a top-tier brawler.",,Operations,Field Leader,3,6,2,6,1,4,https://marvel.fandom.com/wiki/Jennifer_Walters_(Earth-616),Idealist
SILVER-SABLE-128,Free Agent,Silver Sable,https://res.cloudinary.com/dvncqcife/image/upload/v1741318285/Silver_Sable_hasy7o.png,,"FL, GO",Cosmic & Reality (CR),Espionage/Infiltration,None,"Highly trained mercenary and leader of the Wild Pack; expert in armed and unarmed combat, tactics, and espionage.",,Intelligence,Field Leader,3,2,2,2,1,5,https://marvel.fandom.com/wiki/Silver_Sablinova_(Earth-616),Strategist
SILVER-SURFER-129,Dumb and Dumber Returns,Silver Surfer,https://res.cloudinary.com/dvncqcife/image/upload/v1741318286/Silver_Surfer_y5xsn1.png,,"EN, PO, SV",Cosmic & Reality (CR),Cosmic Entity,"FLY, HVR","Wields the Power Cosmic; extreme energy manipulation, cosmic-level strength, speed, and durability.",,Both,Sovereign,5,6,7,6,6,4,https://marvel.fandom.com/wiki/Norrin_Radd_(Earth-616),Cosmic Observer
SMASHER-130,Sterling's Silly Soldiers,Smasher,https://res.cloudinary.com/dvncqcife/image/upload/v1741318286/Smasher_csmbaw.png,,"EN, SV",Cosmic & Reality (CR),Cosmic Entity,"FLY, HVR","Earth’s representative in the Shi’ar Imperial Guard, enhanced by the Exospecs, granting her superhuman abilities and adaptability in battle.",,Operations,Sovereign,3,5,5,5,1,3,https://marvel.fandom.com/wiki/Isabel_Kane_(Earth-616),Rebel
SPECTRUM-131,"Your honor, we were just being silly",Spectrum,https://res.cloudinary.com/dvncqcife/image/upload/v1741318287/Spectrum_osjylx.png,,"FL, EN, PO, SV",Physical Combatants (PC),Cosmic Entity,"FLY, HVR","Can become and manipulate almost any form of energy (light, electricity, radio waves), achieving lightspeed and intangibility.",,Both,Field Leader; Sovereign,3,3,7,6,6,4,https://marvel.fandom.com/wiki/Monica_Rambeau_(Earth-616),Idealist
SPIDER-MAN-(MORALES)-132,Agents of Vishanti,Spider-Man (Morales),https://res.cloudinary.com/dvncqcife/image/upload/v1741318290/Spider-Man_Morales_eup3g2.png,,"RG, VG, GO",Physical Combatants (PC),Brawler,HVR,Similar to Parker but with venom-blast bioelectricity and short-term camouflage; slightly lower raw experience.,,Both,None,3,4,3,3,1,4,https://marvel.fandom.com/wiki/Miles_Morales_(Earth-1610),Idealist
SPIDER-MAN-(PARKER)-133,Costco Wholesale,Spider-Man (Parker),https://res.cloudinary.com/dvncqcife/image/upload/v1741318290/Spider-Man_msotdp.png,,"FL, RG, VG, GO",Physical Combatants (PC),Brawler,HVR,"~10-ton strength, wall-crawling, spider-sense, genius-level intellect. Consistently outperforms bigger foes.",,Both,Field Leader,4,4,3,3,1,4,https://marvel.fandom.com/wiki/Peter_Parker_(Earth-616),Rebel
SPIDER-WOMAN-134,Slow And Threatening,Spider-Woman,https://res.cloudinary.com/dvncqcife/image/upload/v1741318291/Spider-Woman_agxxqt.png,,"RG, VG, GO",Physical Combatants (PC),Brawler,"FLY, HVR","Super-strength, agility, venom blasts, and pheromone manipulation. Comparable to Spider-tier heroes.",,Both,None,3,4,3,3,4,4,https://marvel.fandom.com/wiki/Jessica_Drew_(Earth-616),Strategist
SQUIRREL-GIRL-135,"Your honor, we were just being silly",Squirrel Girl,https://res.cloudinary.com/dvncqcife/image/upload/v1741318292/Squirrel_Girl_n7irnb.png,,"RG, VG, GO",Cosmic & Reality (CR),Unorthodox Fighter,HVR,"Mutant with squirrel-like agility, enhanced reflexes, retractable claws, and the ability to communicate with squirrels; possesses an undefeated battle record.",,Both,None,2,4,3,3,1,7,https://marvel.fandom.com/wiki/Doreen_Green_(Earth-616),Outsider
STAR-BRAND-136,Dumb and Dumber Returns,Star Brand,https://res.cloudinary.com/dvncqcife/image/upload/v1741318295/Star_Brand_fqoarm.png,,"EN, SV",Technological & Cybernetic (TC),Cosmic Entity,"FLY, HVR","Bearer of the cosmic Star Brand, granting immense strength, durability, flight, and energy projection; acts as a planetary defense mechanism.",,Operations,Sovereign,2,7,5,7,7,3,https://marvel.fandom.com/wiki/Kevin_Connor_(Earth-616),Cosmic Observer
STAR-LORD-137,Free Agent,Star Lord,https://res.cloudinary.com/dvncqcife/image/upload/v1741318295/Star_Lord_ld4lkb.png,,"FL, RG, VG, GO",Mystic Adept (MA),Gadget Specialist,FLY,"Adopted daughter of Thanos; enhanced strength, agility, and expert-level combat skills, making her one of the deadliest warriors in the galaxy.",,Both,Field Leader,3,2,2,2,4,4,https://marvel.fandom.com/wiki/Peter_Quill_(Earth-616),Strategist
STORM-138,Amber,Storm,https://res.cloudinary.com/dvncqcife/image/upload/v1741318296/Storm_vhlx6e.png,,"FL, RG, VG, EN, PO",Mystic Adept (MA),Dimensional Manipulator,"FLY, HVR","Omega-level weather manipulation; can summon lightning, hurricanes, and alter climates on a grand scale.",,Both,Field Leader,3,2,2,2,6,5,https://marvel.fandom.com/wiki/Ororo_Munroe_(Earth-616),Mystic
SUNFIRE-139,Free Agent,Sunfire,https://res.cloudinary.com/dvncqcife/image/upload/v1741318297/Sunfire_zmcjly.png,,"RG, VG, EN",Cosmic & Reality (CR),Cosmic Entity,"FLY, HVR","Mutant with the ability to generate and manipulate solar plasma, creating powerful heat-based attacks and flight.",,Operations,None,2,2,3,3,5,4,https://marvel.fandom.com/wiki/Shiro_Yoshida_(Earth-616),Rebel
SUNSPOT-140,"Your honor, we were just being silly",Sunspot,https://res.cloudinary.com/dvncqcife/image/upload/v1741318299/Sunspot_rrwxq8.png,,"RG, VG",Cosmic & Reality (CR),Cosmic Entity,HVR,"Mutant who absorbs solar energy to enhance his strength, durability, and energy projection; skilled strategist and leader.",,Operations,None,2,4,2,4,5,3,https://marvel.fandom.com/wiki/Roberto_da_Costa_(Earth-616),Strategist
SUPER-SKRULL-141,Costco Wholesale,Super-Skrull,https://res.cloudinary.com/dvncqcife/image/upload/v1741318300/Super-Skrull_vnzo7w.png,,"RG, VG, EN",Physical Combatants (PC),Cosmic Entity,"FLY, HVR","Genetically enhanced Skrull warrior infused with the combined abilities of the Fantastic Four, making him a formidable adversary.",,Operations,None,3,5,2,6,6,4,https://marvel.fandom.com/wiki/Kl%27rt_(Earth-616),Villainous Pragmatist
SYNCH-142,Sterling's Silly Soldiers,Synch,https://res.cloudinary.com/dvncqcife/image/upload/v1741318300/Synch_mrzw09.png,,"FL, RG, VG, GO",Physical Combatants (PC),Unorthodox Fighter,None,Omega-level mutant with bio-synchronization abilities; can mimic and enhance the powers of nearby mutants or superhumans.,,Both,Field Leader,2,2,2,2,5,3,https://marvel.fandom.com/wiki/Everett_Thomas_(Earth-616),Idealist
SYRIN-143,Free Agent,Syrin,https://res.cloudinary.com/dvncqcife/image/upload/v1741318303/Syrin_dlgbk7.png,,"RG, VG",Physical Combatants (PC),Energy Blaster,FLY,"Daughter of Banshee, inherits his sonic scream abilities; capable of powerful sonic attacks and controlled vocal manipulation.",,Operations,None,2,2,2,2,5,4,https://marvel.fandom.com/wiki/Theresa_Rourke_(Earth-616),Guardian
TASKMASTER-144,Ligmasigma II,Taskmaster,https://res.cloudinary.com/dvncqcife/image/upload/v1741318303/Taskmaster_hp7xvt.png,,"RG, VG, GO",Mystic Adept (MA),Weapons Expert,None,Photographic reflexes enable him to copy any fighting style or physical movement; physically still human-level.,,Both,None,3,3,2,3,1,7,https://marvel.fandom.com/wiki/Tony_Masters_(Earth-616),Cynic
TEMPER-145,Free Agent,Temper,https://res.cloudinary.com/dvncqcife/image/upload/v1741318304/Tempur_agevgg.png,,"RG, VG",Mystic Adept (MA),Mystic Arts Practitioner,HVR,"Mutant with the ability to generate and control both extreme heat and cold; a former student of Wolverine’s Jean Grey School, grappling with her powers and self-identity.",,Operations,None,2,2,2,2,4,3,https://marvel.fandom.com/wiki/Temper_(Earth-616),Rebel
TEMPUS-146,Free Agent,Tempus,https://res.cloudinary.com/dvncqcife/image/upload/v1741318305/Tempus_esnlxw.png,,"RG, PO, SV",Cosmic & Reality (CR),Dimensional Manipulator,"HVR, TP","Omega-level time manipulator; capable of freezing, accelerating, or traveling through time at will.",,Both,Sovereign,2,2,2,2,5,2,https://marvel.fandom.com/wiki/Eva_Bell_(Earth-616),Mystic
THE-HUMAN-TORCH-147,Agents of Vishanti,The Human Torch,https://res.cloudinary.com/dvncqcife/image/upload/v1741318307/The_Human_Torch_erbv6v.png,,"RG, VG, EN",Physical Combatants (PC),Cosmic Entity,"FLY, HVR","Can fly, control fire, and generate “Nova Flame” at extreme heat; vulnerable if deprived of oxygen or overwhelmed.",,Operations,None,2,2,5,3,6,3,https://marvel.fandom.com/wiki/Jonathan_Storm_(Earth-616),Rebel
THE-LIZARD-148,Free Agent,The Lizard,https://res.cloudinary.com/dvncqcife/image/upload/v1741318308/The_Lizard_cndaiq.png,,"RG, VG, GO",Physical Combatants (PC),Unorthodox Fighter,None,"Super-strength, regeneration, and reptilian savagery, still usually contained by Spider-Man–level foes.",,Both,None,5,5,3,4,1,3,https://marvel.fandom.com/wiki/Curtis_Connors_(Earth-616),Villainous Pragmatist
THE-THING-150,Dumb and Dumber Returns,The Thing,https://res.cloudinary.com/dvncqcife/image/upload/v1741318309/The_Thing_kchqjt.png,,"RG, VG, EN",Physical Combatants (PC),Tank,None,Iconic powerhouse with massive strength/durability; typically just under the Hulk in brawling tier.,,Operations,None,2,6,2,6,1,4,https://marvel.fandom.com/wiki/Benjamin_Grimm_(Earth-616),Idealist
THE-WASP-151,Costco Wholesale,The Wasp,https://res.cloudinary.com/dvncqcife/image/upload/v1741318309/The_Wasp_ikquyx.png,,"FL, RG, VG, GO",Technological & Cybernetic (TC),Gadget Specialist,"FLY, HVR","Similar Pym-particle abilities (shrink/grow), flight, and bio-electric “stings;” a strong support hero.",,Both,Field Leader,3,2,2,2,5,4,https://marvel.fandom.com/wiki/Janet_van_Dyne_(Earth-616),Strategist
THOR-(JANE-FOSTER)-153,Slow And Threatening,Thor (Jane Foster),https://res.cloudinary.com/dvncqcife/image/upload/v1741318311/Thor_Jane_Foster_svqy2j.png,,"FL, RG, VG, EN, SV",Cosmic & Reality (CR),Tank,"FLY, HVR",Former human transformed into Thor through Mjolnir’s power; wields storm-based abilities and cosmic durability.,,Operations,Field Leader; Sovereign,3,7,7,6,6,4,https://marvel.fandom.com/wiki/Jane_Foster_(Earth-616),Idealist
THOR-152,Pigeon Desk,Thor,https://res.cloudinary.com/dvncqcife/image/upload/v1741318312/Thor_v7dyvj.png,,"FL, RG, VG, EN, SV",Cosmic & Reality (CR),Tank,"FLY, HVR","Asgardian god of thunder; immense super-strength, weather manipulation via Mjolnir, centuries of combat skill.",,Operations,Field Leader; Sovereign,2,7,7,6,6,4,https://marvel.fandom.com/wiki/Thor_Odinson_(Earth-616),Guardian
U.S.-AGENT-154,Free Agent,U.S. Agent,https://res.cloudinary.com/dvncqcife/image/upload/v1741318314/U.S._Agent_kdhivp.png,,"FL, RG, VG",Physical Combatants (PC),Brawler,None,"Government-sanctioned replacement for Captain America, possessing enhanced physical traits and skilled combat training.",,Operations,Field Leader,2,4,2,4,1,6,https://marvel.fandom.com/wiki/John_Walker_(Earth-616),Cynic
ULTRON-155,Slow And Threatening,Ultron,https://res.cloudinary.com/dvncqcife/image/upload/v1741318315/Ultron_ptcnsi.png,,"FL, RG, VG, EN, PO, GO, SV",Technological & Cybernetic (TC),Cybernetic Augmentee,"FLY, HVR",Constantly upgrading robotic menace; potentially cosmic-level threat with mass replication and high-level AI.,,Both,Field Leader; Sovereign,6,6,3,7,6,3,https://marvel.fandom.com/wiki/Ultron_(Earth-616),Villainous Pragmatist
VALKYRIE-156,Amber,Valkyrie,https://res.cloudinary.com/dvncqcife/image/upload/v1741318316/Valkyrie_yzesrp.png,,"RG, EN",Mystic Adept (MA),Monster Hunter,"FLY, HVR","Asgardian warrior and leader of the Valkyrior; possesses godlike strength and combat skills, particularly with swords and spears.",,Operations,None,2,6,2,6,1,6,https://marvel.fandom.com/wiki/Brunnhilde_(Earth-616),Rebel
VENOM-157,Gambit Is A Pretty Pretty Princess,Venom,https://res.cloudinary.com/dvncqcife/image/upload/v1741318317/Venom_kzevm3.png,,"RG, VG, GO",Physical Combatants (PC),Brawler,HVR,"Symbiote grants super-strength, shape-shifting, healing, and camouflage; physically above Spider-Man’s baseline.",,Both,None,2,4,3,4,1,4,https://marvel.fandom.com/wiki/Edward_Brock_(Earth-616),Outsider
VISION-158,Slow And Threatening,Vision,https://res.cloudinary.com/dvncqcife/image/upload/v1741318318/Vision_ehxmmp.png,,"RG, VG, EN, PO, GO, SV",Technological & Cybernetic (TC),Cybernetic Augmentee,"FLY, HVR","Synthezoid with superhuman abilities, capable of altering his density to phase through objects or increase durability.",,Both,Sovereign,5,5,5,6,5,3,https://marvel.fandom.com/wiki/Vision_(Earth-616),Cosmic Observer
WAR-MACHINE-159,Slow And Threatening,War Machine,https://res.cloudinary.com/dvncqcife/image/upload/v1741318319/War_Machine_isvhln.png,,"FL, RG, VG, EN",Technological & Cybernetic (TC),Armor-Powered Hero,"FLY, HVR","Armor comparable to Iron Man, but typically heavier on weaponry; strong firepower and durable design.",,Operations,Field Leader,3,5,3,6,5,4,https://marvel.fandom.com/wiki/James_Rhodes_(Earth-616),Strategist
WARLOCK-160,Slow And Threatening,Warlock,https://res.cloudinary.com/dvncqcife/image/upload/v1743285635/Warlock_iaxazg.png,,"RG, VG, PO, GO, SV",Cosmic & Reality (CR),Unorthodox Fighter,"FLY, HVR","Techno-organic alien from the Phalanx species; can shape-shift, absorb energy, and interface with technology.",,Both,Sovereign,3,4,5,6,6,3,https://marvel.fandom.com/wiki/Warlock_(Technarch)_(Earth-616),Mystic
WICCAN-161,Costco Wholesale,Wiccan,https://res.cloudinary.com/dvncqcife/image/upload/v1741318321/Wiccan_edmwpq.png,,"VG, EN, PO, SV",Mystic Adept (MA),Cosmic Entity,"FLY, HVR, TP",Reality-warping magical abilities (as the Demiurge) rivaling even top-tier sorcerers.,,Both,Sovereign,3,2,2,2,7,2,https://marvel.fandom.com/wiki/Billy_Kaplan_(Earth-616),Mystic
WINTER-SOLDIER-162,Free Agent,Winter Soldier,https://res.cloudinary.com/dvncqcife/image/upload/v1741318323/Winter_Soldier_tkbgk1.png,,"FL, RG, VG, EN, GO",Physical Combatants (PC),Mystic Arts Practitioner,None,Super soldier trained in assassination and espionage; cybernetically enhanced arm provides increased combat versatility.,,Both,Field Leader,3,3,2,3,1,6,https://marvel.fandom.com/wiki/James_Buchanan_Barnes_(Earth-616),Cynic
WOLFSBANE-163,Free Agent,Wolfsbane,https://res.cloudinary.com/dvncqcife/image/upload/v1741318324/Wolfbane_ipfqvp.png,,"RG, VG",Physical Combatants (PC),Weapons Expert,None,"Mutant with the ability to transform into a wolf or a transitional werewolf form, enhancing her agility, speed, and senses.",,Operations,None,2,4,3,3,1,4,https://marvel.fandom.com/wiki/Rahne_Sinclair_(Earth-616),Guardian
WOLVERINE--X-23-165,Agents of Vishanti,Wolverine / X-23,https://res.cloudinary.com/dvncqcife/image/upload/v1741319395/Wolverine_X-23_smdne1.png,,"RG, VG, GO",Physical Combatants (PC),Unorthodox Fighter,None,"Bio-engineered clone of Wolverine; retractable adamantium claws, advanced healing factor, and lethal combat expertise.",,Both,None,3,4,2,4,1,6,https://marvel.fandom.com/wiki/Laura_Kinney_(Earth-616),Rebel
WOLVERINE-164,Pigeon Desk,Wolverine,https://res.cloudinary.com/dvncqcife/image/upload/v1741318326/Wolverine_qp3cqw.png,,"FL, RG, VG, EN, GO",Physical Combatants (PC),Martial Arts Master,None,"Adamantium skeleton/claws, heightened senses, extreme healing factor, and centuries of combat skill.",,Both,Field Leader,2,4,2,4,1,7,https://marvel.fandom.com/wiki/James_Howlett_(Earth-616),Cynic
WONDER-MAN-166,Pigeon Desk,Wonder Man,https://res.cloudinary.com/dvncqcife/image/upload/v1741318327/Wonder_Man_xszf9p.png,,"RG, VG, EN, SV",Cosmic & Reality (CR),Brawler,"FLY, HVR","Being of pure ionic energy, possessing vast superhuman strength, flight, and invulnerability.",,Operations,Sovereign,3,6,5,6,1,4,https://marvel.fandom.com/wiki/Simon_Williams_(Earth-616),Idealist
XORN-167,Agents of Vishanti,Xorn,https://res.cloudinary.com/dvncqcife/image/upload/v1741318328/Xorn_k7rhmm.png,,"EN, PO, SV",Mystic Adept (MA),Cosmic Entity,"FLY, HVR","Mutant with a miniature star encased in his head, allowing him to manipulate gravity and emit powerful energy blasts.",,Both,Sovereign,3,4,3,6,6,4,https://marvel.fandom.com/wiki/Kuan-Yin_Xorn_(Earth-616),Cosmic Observer
YONDU-168,Free Agent,Yondu,https://res.cloudinary.com/dvncqcife/image/upload/v1741318328/Yondu_ljoajc.png,,"RG, VG, GO",Physical Combatants (PC),Mystic Arts Practitioner,None,Centaurian warrior and Ravager leader with expert marksmanship; controls Yaka arrows through whistling.,,Both,None,2,2,2,2,1,5,https://marvel.fandom.com/wiki/Yondu_Udonta_(Earth-616),Outsider